{
  "profileId" : "quickstarts-beginner-camel.errorhandler",
  "abstractProfile" : false,
  "description" : "Error handling with Camel",
  "parentProfiles" : [ "feature-camel" ],
  "bundles" : [ "mvn:io.fabric8.quickstarts/fabric8-beginner-camel-errorhandler/1.2.0.redhat-621222" ],
  "minimumInstances" : 1,
  "rootDependency" : {
    "groupId" : "io.fabric8.quickstarts",
    "artifactId" : "fabric8-beginner-camel-errorhandler",
    "version" : "1.2.0.redhat-621222",
    "type" : "bundle",
    "optional" : false,
    "children" : [ {
      "groupId" : "org.apache.camel",
      "artifactId" : "camel-blueprint",
      "version" : "2.15.1.redhat-621222",
      "type" : "bundle",
      "scope" : "compile",
      "optional" : false,
      "children" : [ {
        "groupId" : "org.apache.camel",
        "artifactId" : "camel-core",
        "version" : "2.15.1.redhat-621222",
        "type" : "bundle",
        "scope" : "compile",
        "optional" : false
      }, {
        "groupId" : "org.apache.camel",
        "artifactId" : "camel-core-xml",
        "version" : "2.15.1.redhat-621222",
        "type" : "jar",
        "scope" : "compile",
        "optional" : false
      }, {
        "groupId" : "org.apache.camel",
        "artifactId" : "camel-core-osgi",
        "version" : "2.15.1.redhat-621222",
        "type" : "bundle",
        "scope" : "compile",
        "optional" : false
      }, {
        "groupId" : "com.sun.xml.bind",
        "artifactId" : "jaxb-core",
        "version" : "2.2.11",
        "type" : "bundle",
        "scope" : "compile",
        "optional" : false
      }, {
        "groupId" : "com.sun.xml.bind",
        "artifactId" : "jaxb-impl",
        "version" : "2.2.11",
        "type" : "bundle",
        "scope" : "compile",
        "optional" : false
      } ]
    }, {
      "groupId" : "org.slf4j",
      "artifactId" : "slf4j-api",
      "version" : "1.7.7",
      "type" : "bundle",
      "scope" : "compile",
      "optional" : false
    } ]
  },
  "webContextPath" : "fabric8-beginner-camel-errorhandler",
  "useResolver" : true
}