<?xml version="1.0" encoding="UTF-8"?>
<!--
    JBoss, Home of Professional Open Source
    Copyright 2014, Red Hat, Inc. and/or its affiliates, and individual
    contributors by the @authors tag. See the copyright.txt in the
    distribution for a full listing of individual contributors.

    Licensed under the Apache License, Version 2.0 (the "License");
    you may not use this file except in compliance with the License.
    You may obtain a copy of the License at
    http://www.apache.org/licenses/LICENSE-2.0
    Unless required by applicable law or agreed to in writing, software
    distributed under the License is distributed on an "AS IS" BASIS,
    WITHOUT WARRANTIES OR CONDITIONS OF ANY KIND, either express or implied.
    See the License for the specific language governing permissions and
    limitations under the License.
-->
<blueprint xmlns="http://www.osgi.org/xmlns/blueprint/v1.0.0"
           xmlns:xsi="http://www.w3.org/2001/XMLSchema-instance"
           xmlns:cxf="http://camel.apache.org/schema/blueprint/cxf"
           xsi:schemaLocation="
             http://www.osgi.org/xmlns/blueprint/v1.0.0 http://www.osgi.org/xmlns/blueprint/v1.0.0/blueprint.xsd
             http://camel.apache.org/schema/blueprint/cxf http://camel.apache.org/schema/blueprint/cxf/camel-cxf.xsd
             http://camel.apache.org/schema/blueprint http://camel.apache.org/schema/blueprint/camel-blueprint.xsd">

  <cxf:cxfEndpoint id="orderEndpoint"
                   address="/order/"
                   serviceClass="camelinaction.order.OrderEndpoint"/>

  <camelContext xmlns="http://camel.apache.org/schema/blueprint">

    <route>
      <!-- route starts from the cxf webservice -->
      <from uri="cxf:bean:orderEndpoint" />
      <to uri="seda:incomingOrders" />
      <!-- and then create the OK reply for the webservice which is still waiting for a reply -->
      <transform>
        <constant>OK</constant>
      </transform>
    </route>

    <!-- test route -->
    <route>
      <from uri="seda:incomingOrders" />
      <to uri="mock:end"/>
    </route>
  </camelContext>

</blueprint>
