<?xml version="1.0" encoding="UTF-8"?><metatype:MetaData xmlns:metatype="http://www.osgi.org/xmlns/metatype/v1.0.0" localization="OSGI-INF/metatype/io.fabric8.zookeeper.curator.ManagedCuratorFramework">
    <OCD id="io.fabric8.zookeeper" name="%io.fabric8.zookeeper.name" description="%io.fabric8.zookeeper.description">
        <AD id="zookeeper.url" type="String" default="${zookeeper.url}" name="%io.fabric8.zookeeper.zookeeper.url.name" description="%io.fabric8.zookeeper.zookeeper.url.description"/>
        <AD id="zookeeper.password" type="String" default="${zookeeper.password}" name="%io.fabric8.zookeeper.zookeeper.password.name" description="%io.fabric8.zookeeper.zookeeper.password.description"/>
        <AD id="zookeeper.retry.max" type="String" default="${zookeeper.retry.max}" name="%io.fabric8.zookeeper.zookeeper.retry.max.name" description="%io.fabric8.zookeeper.zookeeper.retry.max.description"/>
        <AD id="zookeeper.retry.interval" type="String" default="${zookeeper.retry.interval}" name="%io.fabric8.zookeeper.zookeeper.retry.interval.name" description="%io.fabric8.zookeeper.zookeeper.retry.interval.description"/>
        <AD id="zookeeper.connection.time.out" type="String" default="${zookeeper.connection.timeout}" name="%io.fabric8.zookeeper.zookeeper.connection.time.out.name" description="%io.fabric8.zookeeper.zookeeper.connection.time.out.description"/>
        <AD id="zookeeper.session.timeout" type="String" default="${zookeeper.session.timeout}" name="%io.fabric8.zookeeper.zookeeper.session.timeout.name" description="%io.fabric8.zookeeper.zookeeper.session.timeout.description"/>
    </OCD>
    <Designate pid="io.fabric8.zookeeper">
        <Object ocdref="io.fabric8.zookeeper"/>
    </Designate>
</metatype:MetaData>
