{
  "title": "Fabric8 Documentation",
  "description": "Fabric8 User Guide and Reference Documentation",
  "extension": "pdf",
  "github": "fabric8io/fabric8",
  "githubHost": "https://github.com/",

  "links": {
    "home": "http://fabric8.io/",
    "about": "http://fabric8.io/docs/index.html",
    "issues": "https://github.com/fabric8io/fabric8/issues?milestone=none&state=closed",
    "contribute": "http://fabric8.io/contributing/index.html",

    "sharing": {
      "google": null,
      "facebook": null,
      "twitter": "https://twitter.com/fabric8io"
    }
  },

  "plugins" : [ "anchors" ],

  "pdf": {
    "toc": true,
    "fontSize": 12,
    "paperSize": "a4",
    "margin": {
      "right": 62,
      "left": 62,
      "top": 36,
      "bottom": 36
    }
  }
}